<?xml version="1.0" encoding="utf-8" ?><dwsync><file name="RYL01.jpg" server="dvwebb.mah.se/me105a/" local="3434965239" remote="318763443827862972" Dst="-1" /><file name="RYL02.jpg" server="dvwebb.mah.se/me105a/" local="3434965056" remote="318763443827862972" Dst="-1" /><file name=".DS_Store" server="dvwebb.mah.se" local="3434966451" remote="319783739109065188" Dst="-1" /><file name="BNBG03.jpg" server="dvwebb.mah.se" local="3400826696" remote="319783739109067948" Dst="-1" /><file name="BNBG01.jpg" server="dvwebb.mah.se" local="3400826577" remote="319783739109067948" Dst="-1" /><file name="BNBG02.jpg" server="dvwebb.mah.se" local="3400826615" remote="319783739109067948" Dst="-1" /><file name="BR01.jpg" server="dvwebb.mah.se" local="3465200492" remote="319783739109067948" Dst="-1" /><file name="BR02.jpg" server="dvwebb.mah.se" local="3465200484" remote="319783739109067948" Dst="-1" /><file name="RGAN01.jpg" server="dvwebb.mah.se" local="3465200520" remote="319783739109067948" Dst="-1" /><file name="BR03.jpg" server="dvwebb.mah.se" local="3465200476" remote="319783739109067948" Dst="-1" /><file name="RYL01.jpg" server="dvwebb.mah.se" local="3465200603" remote="319783739109067948" Dst="-1" /><file name="RYL02.jpg" server="dvwebb.mah.se" local="3465200559" remote="319783739109067948" Dst="-1" /></dwsync>