<?xml version="1.0" encoding="UTF-8"?>
<dataroot><album><albumtitle>Reasonable Doubt</albumtitle>
<track><tracktitle>Can't Knock The Hustle</tracktitle></track>
<track><tracktitle>Politics As Usual</tracktitle></track>
<track><tracktitle>Brooklyn's Finest</tracktitle></track>
<track><tracktitle>Dead Presidents II</tracktitle></track>
<track><tracktitle>Feelin' It</tracktitle></track>
<track><tracktitle>D'evils</tracktitle></track>
<track><tracktitle>22 Two's</tracktitle></track>
<track><tracktitle>Can I Live</tracktitle></track>
<track><tracktitle>Ain't No Nigga</tracktitle></track>
<track><tracktitle>Friend Or Foe</tracktitle></track>
<track><tracktitle>Coming Of Age</tracktitle></track>
<track><tracktitle>Cashmere Thoughts</tracktitle></track>
<track><tracktitle>Bring It On</tracktitle></track>
<track><tracktitle>Regrets</tracktitle></track>
<track><tracktitle>Can I Live II</tracktitle></track>
</album>
<album><albumtitle>Watch the Throne</albumtitle>
<track><tracktitle>No Church In The Wild</tracktitle></track>
<track><tracktitle>Lift Off</tracktitle></track>
<track><tracktitle>Niggas In Paris</tracktitle></track>
<track><tracktitle>Otis</tracktitle></track>
<track><tracktitle>Gotta Have It</tracktitle></track>
<track><tracktitle>New Day</tracktitle></track>
<track><tracktitle>That's My Bitch</tracktitle></track>
<track><tracktitle>Welcome To The Jungle</tracktitle></track>
<track><tracktitle>Who Gon Stop Me</tracktitle></track>
<track><tracktitle>Murder To Excellence</tracktitle></track>
<track><tracktitle>Made In America</tracktitle></track>
<track><tracktitle>Why I Love You</tracktitle></track>
<track><tracktitle>Illest Motherfucker Alive</tracktitle></track>
<track><tracktitle>H.A.M</tracktitle></track>
<track><tracktitle>Primetime</tracktitle></track>
<track><tracktitle>The Joy</tracktitle></track>
</album>
<album><albumtitle>Magna Carta... Holy Grail</albumtitle>
<track><tracktitle>Holy Grail</tracktitle></track>
<track><tracktitle>Picasso Baby</tracktitle></track>
<track><tracktitle>Tom Ford</tracktitle></track>
<track><tracktitle>FuckWithMeYouKnowIGotIt</tracktitle></track>
<track><tracktitle>Oceans</tracktitle></track>
<track><tracktitle>F.U.T.W.</tracktitle></track>
<track><tracktitle>Somewhere In America</tracktitle></track>
<track><tracktitle>Crown</tracktitle></track>
<track><tracktitle>Heaven</tracktitle></track>
<track><tracktitle>Versus</tracktitle></track>
<track><tracktitle>Part II (On the Run)</tracktitle></track>
<track><tracktitle>Beach Is Better  </tracktitle></track>
<track><tracktitle>BBC</tracktitle></track>
<track><tracktitle>Jay-Z Blue</tracktitle></track>
<track><tracktitle>La Familia</tracktitle></track>
<track><tracktitle>Nickels and Dimes</tracktitle></track>
</album>
<album><albumtitle>Tha Block is Hot</albumtitle>
<track><tracktitle>High Beamin</tracktitle></track>
<track><tracktitle>Come On</tracktitle></track>
<track><tracktitle>Drop It Like It's Hot</tracktitle></track>
<track><tracktitle>Enemy Turf</tracktitle></track>
<track><tracktitle>Fuck The World</tracktitle></track>
<track><tracktitle>Kisha</tracktitle></track>
<track><tracktitle>Lights Off</tracktitle></track>
<track><tracktitle>Loud Pipes</tracktitle></track>
<track><tracktitle>Not Like Me</tracktitle></track>
<track><tracktitle>Remember Me</tracktitle></track>
<track><tracktitle>Respect Us</tracktitle></track>
<track><tracktitle>Tha Block is Hot</tracktitle></track>
<track><tracktitle>Up To Me</tracktitle></track>
<track><tracktitle>Watcha Wanna Do</tracktitle></track>
<track><tracktitle>Young Playa</tracktitle></track>
<track><tracktitle>You Want War</tracktitle></track>
</album>
<album><albumtitle>I am not a Human Being</albumtitle>
<track><tracktitle>Gonorrhea</tracktitle></track>
<track><tracktitle>Hold Up</tracktitle></track>
<track><tracktitle>With You</tracktitle></track>
<track><tracktitle>I Am Not A Human Being</tracktitle></track>
<track><tracktitle>I’m Single</tracktitle></track>
<track><tracktitle>What’s Wrong With Them</tracktitle></track>
<track><tracktitle>Right Above It</tracktitle></track>
<track><tracktitle>Popular</tracktitle></track>
<track><tracktitle>That Ain’t Me</tracktitle></track>
<track><tracktitle>Bill Gates</tracktitle></track>
</album></dataroot>